Grant Beneficiary;Grant Manager;Re-granted amount;Contracted in 2019;Contracted in 2020;Program Name ro;Program Name en;Start date;End date;DOMAIN;Program Description ro;Program Description en
Fundatia Comunitara Tara Fagarasului;X;15000,00;15000,00;;Tara Fagarasului Fondul Stiintescu - Editia a-3-a;Tara Fagarasului Stiintescu Fund - Third Edition;2019-01-15;2019-11-30;;Sprijinirea creării unui mecanism de finanțare locală pentru a încuraja inițiativele educaționale la scară mică ce vor impulsiona atractivitatea științelor în rândul copiilor din comunitățile locale.;Support the setup of a local funding mechanism to encourage small scale educational initiatives that will boost the attractiveness of sciences for children from local community. 
Council on International Educational Exchange, INC;;;273820,00;;RAF Scholar Award;Professor Development and Networking Program;2019-03-18;2020-08-31;;Programul RAF Scholar Award este o oportunitate pentru 18 profesori români din universități tehnice din întreaga țară să dobândescă experiență în dezvoltarea și susținerea educației antreprenoriale în învățământul universitar. După un semestru petrecut la o universitate de top din Statele Unite, profesorii selectați vor reveni în România și vot contribui la lărgirea ecosistemului antreprenorial.  ;Provide 18 Romanian professors from technical universities around the country with the opportunity to gain U.S. university-based experience in developing and sustaining entrepreneurship education. In turn, upon returning to Romania, the participating professors would broaden the entrepreneurial ecosystem.  
Comisia Fulbright Româno-Americană;;;65000,00;;Fulbright-RAF Scholar Award;Professor Development and Networking Program;2019-04-23;2020-03-31;;O oportunitate pentru 24 de profesori români din universități tehnice din întreaga țară să dobândescă experiență în dezvoltarea și susținerea educației antreprenoriale în învățământul universitar. După un fellowship de un semestru petrecut la o universitate de top din Statele Unite, profesorii selectați vor reveni în România și vor contribui la lărgirea ecosistemului antreprenorial.  ;The program will provide 24 Romanian professors from technical universities around the country with the opportunity to gain U.S. university-based experience in developing and sustaining entrepreneurship education. In turn, upon returning to Romania, the participating professors would broaden the entrepreneurial ecosystem.  
Fundația Friends for Friends;;;;13804,00;Policlinica de marketing și comunicare III;Marketing & Communication Polyclinic;2020-05-14;2020-09-15;;Îmbunătățirea capacităților de comunicare și a performanței în domeniul relațiilor publice pentru ONG-urile finanțate de RAF. ;Improve the communication capacities and the performance in the public relations field for RAF partner NGOs.  
Institutul Intercultural Timisoara;;;100000,00;100000,00;Project Citizen ;Project Citizen ;2019-07-19;2021-07-20;;Îmbunătățirea înțelegerii de către elevi a rolului instituțiilor publice și a relațiilor dintre cetățeni și autorități prin creșterea eficienței și folosirea modelului Project Citizen în cadrul orelor de educație civică.  ;Improve the understanding of students regarding the role of public institutions and the relationship between citizens and public authorities by increasing the effectiveness and usage of Project Citizen model in civic education classes. 
Centrul de Evaluare și Analize Educaționale;;;90000,00;;Fizica altfel – Reforma curiculară a fizicii;Science Education Reform: Improving Scientific Literacy;2019-03-29;2020-08-04;;Creșterea nivelului de înțelegere a științelor de către elevi prin schimbarea modului de predare a fizicii și a altor științe exacte, trecând de la metodologia formală și abstractă la abordări mai atractive, ca învățarea prin investigație.  ;Improve scientific literacy of Romanian students, by changing the way Physics and other sciences are taught in schools, moving from a formal and abstract teaching to more engaging approaches (e.g. inquiry-based learning).  
Asociația Teach for Romania;;;81000,00;;Teach for Romania – creștere sustenabilă;Teach for Romania - Sustainable Growth ;2019-07-02;2020-10-08;;Sprijin acordat organizației Teach for Romania în îndeplinirea misiunii în România pe termen lung, axat pe strângere de fonduri și strategii de comunicare care să sprijine creșterea, dezvoltarea comunității de alumni și finanțarea parțială a două noi serii de profesori.;Support Teach for Romania in its consolidation phase so as to be able to advance its mission in Romania in the long-run, focusing on fundraising and communication strategy for sustaining growth, development of the alumni community, and partial funding for two new cohorts of teachers.  
Fundatia CIVITAS pentru Societatea Civila-Filiala Cluj-Napoca;;;5814,00;85000,00;Food Hub - Start-up Grant;Food Hub - Start-up Grant;2019-06-19;2021-01-31;;Pilot pentru dezvoltarea unui food hub care să ofere acces la piață pentru fermierii mici și mijlocii din zona Cluj.;Pilot for the development of a Food Hub to act as sustainable intermediaries that provide access to market for small and medium sized farmers in the Odorheiu Secuiesc region. 
Fundatia Civitas pentru Societatea Civila;;;34848,00;50000,00;Food Hub - Start-up Grant;Food Hub - Start-up Grant;2019-06-20;2021-01-31;;Pilot pentru dezvoltarea unui food hub care să ofere acces la piață pentru fermierii mici și mijlocii din zona Odorheiu Secuiesc.;Pilot for the development of a Food Hub to act as sustainable intermediaries that provide access to market for small and medium sized farmers in the Odorheiu Secuiesc region.  
Fundatia OPENFIELDS;;;38390,00;50000,00;Food Hub - Start-up Grant;Food Hub - Start-up Grant;2019-06-19;2021-01-31;;Pilot pentru dezvoltarea unui food hub care să ofere acces la piață pentru fermierii mici și mijlocii din zona Vatra Dornei. ;Pilot the development of a Food Hub to act as sustainable intermediaries that provide access to market for small and medium sized farmers in the Vatra Dornei region.
"Fundatia ""Centrul de Mediere si Securitate Comunitara""";;;9952,00;50000,00;Food Hub - Start-up Grant;Food Hub CMSC;2019-03-29;2021-02-28;;Pilot pentru dezvoltarea a unui food hub care să ofere acces la piață pentru fermierii mici și mijlocii din zona Iași.;Pilot the development of a Food Hub to act as sustainable intermediaries that provide access to market for small and medium sized farmers in the Iași region. 
World Vision Romania;;;14588,00;;Food Hub - Start-up Grant;Food Hub Crit;2019-06-25;2020-03-31;;Pilot pentru dezvoltarea a unui food hub care să ofere acces la piață pentru fermierii mici și mijlocii din județele Ialomița, Vâlcea, Dolj și Vaslui.  ;To pilot the development of a Food Hub to act as sustainable intermediaries that provide access to market for small and medium sized farmers in the Ialomița, Vâlcea, Dolj, and Vaslui counties. 
Fundatia Comunitara Sibiu;X;15000,00;15000,00;;Sibiu Fondul Stiintescu - Editia a-3-a;Sibiu Stiintescu Fund - Third Edition;2019-05-15;2021-07-31;;Sprijinirea creării unui mecanism de finanțare locală pentru a încuraja inițiativele educaționale la scară mică ce vor impulsiona atractivitatea științelor în rândul copiilor din comunitățile locale. ;Support the setup of a local funding mechanism to encourage small scale educational initiatives that will boost the attractiveness of sciences for children from local community. 
Asociatia Centrul Roman de Politici Europene;;;40000,00;;Programul Licee agricole – anul III;Research and advocacy for positioning agricultural high-schools as hubs;2019-10-03;2020-11-22;;Cercetare și advocacy pentru poziționarea liceelor agricole ca hub-uri pentru învățământul agricol.;Research and advocacy for positioning agricultural high-schools as hubs.
Junior Achievement România;;;78769,00;;Programul Licee agricole – anul III, IV si V;Agricultural High-School Program - AgriBusiness in School ;2019-11-20;2020-11-30;;Îmbunătățirea capacității a opt licee agricole de a oferi educație antreprenorială practică pentru agribusiness și consiliere pentru carieră.  ;Improve the capacity of eight agricultural schools to provide hands-on entrepreneurial education for agribusiness and career counselling. 
World Vision Romania;;;80225,00;;Programul Licee agricole – nuclee de dezvoltare pentru ferme mici și mijlocii;Agricultural High-Schools -Hubs for the Development of Small and Medium Farms;2019-12-18;2020-12-31;;Transformarea liceelor agricole într-o cale eficientă de profesionalizare a viitorilor agricultori mici și mijlocii. A treia etapă a programului început cu o fază de proiectare pilotat timp de doi ani.;To transform agricultural schools into an effective route for the professionalization of future small and medium farmers. Third phase of the program started with a design phase and piloted for two years.
Fundatia CIVITAS pentru Societatea Civila-Filiala Cluj-Napoca;;;83525,00;;Programul Licee agricole – nuclee de dezvoltare pentru ferme mici și mijlocii;From agricultural high school to becoming farmer;2019-12-18;2020-12-31;;Transformarea liceelor agricole într-o cale eficientă de profesionalizare a viitorilor agricultori mici și mijlocii. A treia etapă a programului început cu o fază de proiectare pilotat timp de doi ani.;To transform agricultural schools into an effective route for the professionalization of future small and medium farmers. Third phase of the program started with a design phase and piloted for two years.
Fundatia Comunitara Prahova;X;11500,00;;26000,00;Prahova Fondul Stiintescu - Editia a-2-a;Prahova Stiintescu Fund - Second Edition;2020-01-10;2021-04-30;;Sprijinirea creării unui mecanism de finanțare locală pentru a încuraja inițiativele educaționale la scară mică ce vor impulsiona atractivitatea științelor în rândul copiilor din comunitățile locale. ;Support the setup of a local funding mechanism to encourage small scale educational initiatives that will boost the attractiveness of sciences for children from local community. 
Fundatia Progress Bistrita;;;;100000,00;Code Kids – Codare pentru copii la bibliotecă;Coding for Kids in Libraries – CODE Kids;2020-01-08;2021-01-16;;Programul oferă copiilor din zonele rurale și orasele mici acces la cursuri de codare de bază, printr-un serviciu găzduit de bibliotecile publice. ;Providing access for children from rural areas and small towns to learning basic coding, through a service hosted by public libraries. 
Fundatia Comunitara Oradea;X;15000,00;15000,00;;Oradea Fondul Stiintescu - Editia a-3-a;Oradea Stiintescu Fund - Third Edition;2019-01-17;2019-09-30;;Sprijinirea creării unui mecanism de finanțare locală pentru a încuraja inițiativele educaționale la scară mică ce vor impulsiona atractivitatea științelor în rândul copiilor din comunitățile locale. ;Support the setup of a local funding mechanism to encourage small scale educational initiatives that will boost the attractiveness of sciences for children from local community. 
Fundatia Comunitara din Odorheiu Secuiesc;;;20000,00;;Consolidarea capacității Fundației Comunitare din Odorheiu Secuiesc - anul 2;Capacity building of Odorheiu Secuiesc Community Foundation - Year 2;2019-02-21;2020-01-31;;Programul își propune să consolideze capacitatea fundației comunitare de a acționa ca o organizație locală de încredere și sustenabilitate, care joacă un rol central de lider în mobilizarea resurselor locale pentru a răspunde nevoilor comunității locale.;Consolidate the community foundation’ capacity to play a central leadership role in local philanthropy by mobilizing local resources and empowering the local actors to address the community needs.  
Centrul pentru Educatie Economica si Dezvoltare din Romania;;;50000,00;;Programul Licee agricole – anul III;Capacity development for agricultural high-schools (CADAS) - Year III;2019-03-19;2020-05-31;;Dezvoltarea capacității liceelor agricole prin extinderea echipelor de profesori din cele șase licee din granturile anterioare și formarea cadrelor didactice din noul lot. De asemenea, școlile vor primi informații periodice despre oportunități de finanțare (eligibilitate, priorități etc.) și vor avea acces la consultanță aprofundată la cerere. ;Consolidate the community foundation’ capacity to play a central leadership role in local philanthropy by mobilizing local resources and empowering the local actors to address the community needs.  
Fundatia Comunitara Tara Fagarasului;;;20000,00;;Consolidarea capacității Fundației Comunitare Țara Făgărașului - anul 2;Capacity building of Tara Fagarasului Community Foundation - Year 2;2019-03-25;2020-02-26;;Programul își propune să consolideze capacitatea fundației comunitare de a acționa ca o organizație locală de încredere și sustenabilitate, care joacă un rol central de lider în mobilizarea resurselor locale pentru a răspunde nevoilor comunității locale.;Consolidate the community foundation’ capacity to play a central leadership role in local philanthropy by mobilizing local resources and empowering the local actors to address the community needs.  
Fundatia Comunitara Bucuresti;;;20000,00;;Consolidarea capacității Fundației Comunitare București - anul 2;Capacity building of Bucuresti Community Foundation - Year 2;2019-03-25;2020-02-26;;Programul își propune să consolideze capacitatea fundației comunitare de a acționa ca o organizație locală de încredere și sustenabilitate, care joacă un rol central de lider în mobilizarea resurselor locale pentru a răspunde nevoilor comunității locale.;Consolidate the community foundation’ capacity to play a central leadership role in local philanthropy by mobilizing local resources and empowering the local actors to address the community needs.  
Fundatia Comunitara Oradea;;;20000,00;;Consolidarea capacității Fundației Comunitare Oradea - anul 2;Capacity building of Oradea Community Foundation - Year 2;2019-03-25;2020-02-26;;Programul își propune să consolideze capacitatea fundației comunitare de a acționa ca o organizație locală de încredere și sustenabilitate, care joacă un rol central de lider în mobilizarea resurselor locale pentru a răspunde nevoilor comunității locale.;Consolidate the community foundation’ capacity to play a central leadership role in local philanthropy by mobilizing local resources and empowering the local actors to address the community needs.  
Asociația Română de Dezbateri Oratorie și Retorică;;;65000,00;65000,00;Educație deliberativă în școli (3);Debate Education Network ;2019-03-28;2021-03-31;;Extinderea utilizării dezbaterii ca instrument educațional în diferite forme (curricular, transcurricular și extracurricular) pentru a fundamenta și a consolida atitudinile civice ale studenților, precum și gândirea critică a acestora.;Expand the use of debate as an educational tool in different formats (curricular, trans-curricular and extra-curricular) to build and consolidate students’ civic attitudes and critical thinking abilities.
Fundatia Comunitara Prahova;;;20000,00;;Consolidarea capacității Fundației Comunitare Prahova - anul 2;Capacity building of Prahova Community Foundation - Year 2;2019-04-16;2020-03-16;;Programul își propune să consolideze capacitatea fundației comunitare de a acționa ca o organizație locală de încredere și sustenabilitate, care joacă un rol central de lider în mobilizarea resurselor locale pentru a răspunde nevoilor comunității locale.;Consolidate the community foundation’ capacity to play a central leadership role in local philanthropy by mobilizing local resources and empowering the local actors to address the community needs.  
Fundatia Comunitara Iasi;;;20000,00;;Consolidarea capacității Fundației Comunitare Iasi - anul 2;Capacity building of Iasi Community Foundation - Year 2;2019-04-17;2020-03-19;;Programul își propune să consolideze capacitatea fundației comunitare de a acționa ca o organizație locală de încredere și sustenabilitate, care joacă un rol central de lider în mobilizarea resurselor locale pentru a răspunde nevoilor comunității locale.;Consolidate the community foundation’ capacity to play a central leadership role in local philanthropy by mobilizing local resources and empowering the local actors to address the community needs.  
Fundatia Comunitara Bacau;;;20000,00;;Consolidarea capacității Fundației Comunitare Bacau - anul 2;Capacity building of Bacau Community Foundation - Year 2;2019-04-11;2020-03-19;;Programul își propune să consolideze capacitatea fundației comunitare de a acționa ca o organizație locală de încredere și sustenabilitate, care joacă un rol central de lider în mobilizarea resurselor locale pentru a răspunde nevoilor comunității locale.;Consolidate the community foundation’ capacity to play a central leadership role in local philanthropy by mobilizing local resources and empowering the local actors to address the community needs.  
Fundatia Comunitara Brasov;X;15000,00;15000,00;;Brasov Fondul Stiintescu - Editia a-3-a;Brasov Stiintescu Fund - Third Edition;2019-03-27;2020-12-31;;Sprijinirea creării unui mecanism de finanțare locală pentru a încuraja inițiativele educaționale la scară mică ce vor impulsiona atractivitatea științelor în rândul copiilor din comunitățile locale. ;Support the setup of a local funding mechanism to encourage small scale educational initiatives that will boost the attractiveness of sciences for children from local community. 
Fundatia Comunitara Mures;X;15000,00;15000,00;;Mures Fondul Stiintescu - Editia a-3-a;Mures Stiintescu Fund - Third Edition;2019-02-22;2019-11-30;;Sprijinirea creării unui mecanism de finanțare locală pentru a încuraja inițiativele educaționale la scară mică ce vor impulsiona atractivitatea științelor în rândul copiilor din comunitățile locale. ;Support the setup of a local funding mechanism to encourage small scale educational initiatives that will boost the attractiveness of sciences for children from local community. 
Fundatia Comunitara Mures;;;20000,00;;Consolidarea capacității Fundației Comunitare Mures - anul 2;Capacity building of Mures Community Foundation - Year 2;2019-07-26;2020-05-15;;Programul își propune să consolideze capacitatea fundației comunitare de a acționa ca o organizație locală de încredere și sustenabilitate, care joacă un rol central de lider în mobilizarea resurselor locale pentru a răspunde nevoilor comunității locale.;Consolidate the community foundation’ capacity to play a central leadership role in local philanthropy by mobilizing local resources and empowering the local actors to address the community needs.  
Asociația pentru Relații Comunitare;;;129038,63;;Fundații Comunitare în România – program național de dezvoltare (4) –Sprijin pentru noi inițiative ale fundațiilor comunitare;Support for New CF Initiatives/CFs and for strategic planning revision for old CFs ;2019-06-18;2020-06-20;;Sprijin pentru înființarea de noi fundații comunitare și pentru revizuirea planurilor strategice ale celor existente. ;Support for setting up new community foundations and for the revision of the strategic plans of the existing ones.
Fundatia Comunitara Sibiu;;;20000,00;;Consolidarea capacității Fundației Comunitare Sibiu - anul 2;Capacity building of Sibiu Community Foundation - Year 2;2019-07-26;2020-06-05;;Programul își propune să consolideze capacitatea fundației comunitare de a acționa ca o organizație locală de încredere și sustenabilitate, care joacă un rol central de lider în mobilizarea resurselor locale pentru a răspunde nevoilor comunității locale.;Consolidate the community foundation’ capacity to play a central leadership role in local philanthropy by mobilizing local resources and empowering the local actors to address the community needs.  
Fundatia Comunitara Cluj;;;20000,00;8000,00;Consolidarea capacității Fundației Comunitare Cluj - anul 2;Capacity building of Cluj Community Foundation - Year 2;2019-07-26;2020-06-15;;Programul își propune să consolideze capacitatea fundației comunitare de a acționa ca o organizație locală de încredere și sustenabilitate, care joacă un rol central de lider în mobilizarea resurselor locale pentru a răspunde nevoilor comunității locale.;Consolidate the community foundation’ capacity to play a central leadership role in local philanthropy by mobilizing local resources and empowering the local actors to address the community needs.  
Fundatia Comunitara din Odorheiu Secuiesc;X;8270,00;8270,00;;Odorheiu Secuiesc Fondul Stiintescu - Editia a-3-a;Odorheiu Secuiesc Stiintescu Fund - Third Edition;2019-05-09;2019-12-31;;Sprijinirea creării unui mecanism de finanțare locală pentru a încuraja inițiativele educaționale la scară mică ce vor impulsiona atractivitatea științelor în rândul copiilor din comunitățile locale. ;Support the setup of a local funding mechanism to encourage small scale educational initiatives that will boost the attractiveness of sciences for children from local community. 
Fundatia Comunitara Bucuresti;X;15000,00;15000,00;;Bucuresti Fondul Stiintescu - Editia a-2-a;Bucuresti Stiintescu Fund - Second Edition;2019-04-02;2020-03-15;;Sprijinirea creării unui mecanism de finanțare locală pentru a încuraja inițiativele educaționale la scară mică ce vor impulsiona atractivitatea științelor în rândul copiilor din comunitățile locale. ;Support the setup of a local funding mechanism to encourage small scale educational initiatives that will boost the attractiveness of sciences for children from local community. 
Fundatia Comunitara Timisoara;X;15000,00;15000,00;;Timisoara Fondul Stiintescu - Editia a-2-a;Timisoara Stiintescu Fund - Second Edition;2019-04-11;2019-11-30;;Sprijinirea creării unui mecanism de finanțare locală pentru a încuraja inițiativele educaționale la scară mică ce vor impulsiona atractivitatea științelor în rândul copiilor din comunitățile locale. ;Support the setup of a local funding mechanism to encourage small scale educational initiatives that will boost the attractiveness of sciences for children from local community. 
Fundatia Comunitara Timisoara;;;20000,00;;Consolidarea capacității Fundației Comunitare Timisoara - anul 2;Capacity building of Timisoara Community Foundation - Year 2;2019-12-05;2020-11-02;;Programul își propune să consolideze capacitatea fundației comunitare de a acționa ca o organizație locală de încredere și sustenabilitate, care joacă un rol central de lider în mobilizarea resurselor locale pentru a răspunde nevoilor comunității locale.;Consolidate the community foundation’ capacity to play a central leadership role in local philanthropy by mobilizing local resources and empowering the local actors to address the community needs.  
Fundatia Comunitara Galati;X;12000,00;12000,00;;Galati Fondul Stiintescu - Editia a-2-a;Galati Stiintescu Fund - Second Edition;2019-06-12;2020-12-31;;Sprijinirea creării unui mecanism de finanțare locală pentru a încuraja inițiativele educaționale la scară mică ce vor impulsiona atractivitatea științelor în rândul copiilor din comunitățile locale. ;Support the setup of a local funding mechanism to encourage small scale educational initiatives that will boost the attractiveness of sciences for children from local community. 
"Asociatia ""Media DOR""";;;132190,00;76712,00;Jurnalism pentru reconstrucție și reziliență;Journalism for Reconstruction and Resilience;2019-12-17;2021-04-30;;Utilizarea jurnalismului orientat spre soluții pentru a ajuta societatea să multiplice poveștile de succes și să se depășească mai rapid efectele crizei economice, psihologice și personale cauzate de pandemie. ;Using solutions journalism to help society multiply success stories, and recover faster from the economic, psychological, and personal crises caused by the pandemic.
Fundatia Comunitara Galati;;;20000,00;15000,00;Consolidarea capacității Fundației Comunitare Galati - anul 2;Capacity building of Galati Community Foundation - Year 2;2019-12-18;2020-12-31;;Programul își propune să consolideze capacitatea fundației comunitare de a acționa ca o organizație locală de încredere și sustenabilitate, care joacă un rol central de lider în mobilizarea resurselor locale pentru a răspunde nevoilor comunității locale.;Consolidate the community foundation’ capacity to play a central leadership role in local philanthropy by mobilizing local resources and empowering the local actors to address the community needs.  
Asociatia Code for Romania;;;177000,00;;Code for Romania;Code for Romania;2019-12-12;2020-12-31;;Sprijinirea dezvoltării organizaționale a Asociației Code for România, în vederea creșterii durabilității, menținerii și scalării activităților sale de succes. ;Support the organizational development of Asociația Code for Romania, in view of increasing its sustainability and maintaining and scaling its successful activities. 
Fundatia Comunitara Brasov;;;20000,00;;Consolidarea capacității Fundației Comunitare Brasov - anul 2;Capacity building of Brasov Community Foundation - Year 2;2019-12-19;2020-11-20;;Programul își propune să consolideze capacitatea fundației comunitare de a acționa ca o organizație locală de încredere și sustenabilitate, care joacă un rol central de lider în mobilizarea resurselor locale pentru a răspunde nevoilor comunității locale.;Consolidate the community foundation’ capacity to play a central leadership role in local philanthropy by mobilizing local resources and empowering the local actors to address the community needs.  
Junior Achievement România;;;115000,00;;The Entrepreneurial University-Editia a-2-a;The Entrepreneurial University-Second Edition;2019-12-17;2020-12-18;;Dezvoltă servicii educaționale antreprenoriale în 17 centre universitare selectate și echipate, oferind instruire și facilitare pentru ca aceste centre universitare să deruleze activități educaționale în colaborare cu comunitatea locală de afaceri. ;To work with 17 previously established and equipped university hubs in developing entrepreneurial education services, providing training and facilitation for the university hubs to offer education activities in cooperation with the local business community.  
Centrul de Evaluare și Analize Educaționale;;;110000,00;;Studiu de Impact pentru programul Fizica altfel (Reforma curriculară a fizicii);Impact Study Design for Fizica Altfel Program;2019-07-19;2021-06-30;;Sprijin pentru planificarea metodologică, prima fază a unui studiu de impact pentru programul Fizica altfel. ;Support for methodological design, the first phase of an impact study of the Fizica altfel program.  
 Asociatia Tech Lounge ;;;173670,00;133300,00;Innovation Labs – etapa de consolidare;Innovation Labs-Consolidation Stage;2019-01-23;2021-02-28;;Dezvoltarea capacității partenerilor locali ai Innovation Labs pentru a asigura sustenabilitatea pe termen lung.  ;Capacity building for Innovation Labs local partners for long-term sustainability.
 Fundatia Comunitara Timisoara ;;;5000,00;0,00;Campanie Comunicare Program FACEM - Fondul de activare comunitară și evoluție prin micro-granturi;Campanie Comunicare Program FACEM - Fondul de activare comunitară și evoluție prin micro-granturi;2019-02-04;2019-08-05;;Dezvoltarea capacității partenerilor RAF și creșterea vizibilității impactului programelor prin intermediul comunicării cu succes, într-o varietate de medii și către diverse categorii de public.  ;Increase the capacity of RAF program partners, improve the visibility of the impact achieved by successfully communicating through a wide variety of mediums to varied stakeholders. 
 Fundatia Comunitara Galati ;;;5000,00;0,00;Rebranding și strategie de comunicare pentru Fundația Comunitară Galați;Rebranding and communication strategy for FCG;2019-02-04;2019-09-30;;Dezvoltarea capacității partenerilor RAF și creșterea vizibilității impactului programelor prin intermediul comunicării cu succes, într-o varietate de medii și către diverse categorii de public.  ;Increase the capacity of RAF program partners, improve the visibility of the impact achieved by successfully communicating through a wide variety of mediums to varied stakeholders. 
 Fundatia Comunitara Mures ;;;5000,00;0,00;Campania – Fundația Comunitară Mureș - Construim Încredere pentru inițiativele cetățenilor în comunitate;Campania – Fundația Comunitară Mureș - Construim Încredere pentru inițiativele cetățenilor în comunitate;2019-02-04;2019-08-05;;Dezvoltarea capacității partenerilor RAF și creșterea vizibilității impactului programelor prin intermediul comunicării cu succes, într-o varietate de medii și către diverse categorii de public.  ;Increase the capacity of RAF program partners, improve the visibility of the impact achieved by successfully communicating through a wide variety of mediums to varied stakeholders. 
 Fundatia Comunitara Brasov ;;;5000,00;0,00;Eveniment Corporate de promovare a binelui făcut în Brașov și a Fundației Comunitare Brașov;Eveniment Corporate de promovare a binelui făcut în Brașov și a Fundației Comunitare Brașov;2019-02-04;2019-08-05;;Dezvoltarea capacității partenerilor RAF și creșterea vizibilității impactului programelor prin intermediul comunicării cu succes, într-o varietate de medii și către diverse categorii de public.  ;Increase the capacity of RAF program partners, improve the visibility of the impact achieved by successfully communicating through a wide variety of mediums to varied stakeholders. 
 Fundatia Comunitara Bucuresti ;;;5000,00;0,00;Campanie de Comunicare de Fundraising pentru Bucureștiul Pregătit;Campanie de Comunicare de Fundraising pentru Bucureștiul Pregătit;2019-02-04;2020-02-29;;Dezvoltarea capacității partenerilor RAF și creșterea vizibilității impactului programelor prin intermediul comunicării cu succes, într-o varietate de medii și către diverse categorii de public.  ;Increase the capacity of RAF program partners, improve the visibility of the impact achieved by successfully communicating through a wide variety of mediums to varied stakeholders. 
 Fundatia Comunitara din Odorheiu Secuiesc ;;;3000,00;0,00;Cei din Odorhei în lumea mare;Cei din Odorhei în lumea mare;2019-02-04;2019-09-30;;Dezvoltarea capacității partenerilor RAF și creșterea vizibilității impactului programelor prin intermediul comunicării cu succes, într-o varietate de medii și către diverse categorii de public.  ;Increase the capacity of RAF program partners, improve the visibility of the impact achieved by successfully communicating through a wide variety of mediums to varied stakeholders. 
 Fundatia Comunitara Cluj ;;;5000,00;0,00;PROGRAM 65+ reACTIV;PROGRAM 65+ reACTIV;2019-02-04;2019-08-05;;Dezvoltarea capacității partenerilor RAF și creșterea vizibilității impactului programelor prin intermediul comunicării cu succes, într-o varietate de medii și către diverse categorii de public.  ;Increase the capacity of RAF program partners, improve the visibility of the impact achieved by successfully communicating through a wide variety of mediums to varied stakeholders. 
 Fundatia Comunitara Iasi ;;;5000,00;0,00;Campanie Comunicare înscriere cauze din comunitate la Swimathon Iași;Campanie Comunicare înscriere cauze din comunitate la Swimathon Iași;2019-02-06;2019-08-07;;Dezvoltarea capacității partenerilor RAF și creșterea vizibilității impactului programelor prin intermediul comunicării cu succes, într-o varietate de medii și către diverse categorii de public.  ;Increase the capacity of RAF program partners, improve the visibility of the impact achieved by successfully communicating through a wide variety of mediums to varied stakeholders. 
 Fundatia Comunitara Prahova ;;;5000,00;0,00;Campanie Comunicare Semimaraton Ploiești;Campanie Comunicare Semimaraton Ploiești;2019-02-11;2019-08-12;;Dezvoltarea capacității partenerilor RAF și creșterea vizibilității impactului programelor prin intermediul comunicării cu succes, într-o varietate de medii și către diverse categorii de public.  ;Increase the capacity of RAF program partners, improve the visibility of the impact achieved by successfully communicating through a wide variety of mediums to varied stakeholders. 
 Fundatia Comunitara Bacau ;;;5000,00;0,00;Diaspora e Acasă;Diaspora e Acasă;2019-02-13;2019-08-14;;Dezvoltarea capacității partenerilor RAF și creșterea vizibilității impactului programelor prin intermediul comunicării cu succes, într-o varietate de medii și către diverse categorii de public.  ;Increase the capacity of RAF program partners, improve the visibility of the impact achieved by successfully communicating through a wide variety of mediums to varied stakeholders. 
 Fundatia Comunitara Tara Fagarasului ;;;5000,00;0,00;Țara Făgărașului e acasă;Țara Făgărașului e acasă;2019-02-14;2019-10-14;;Dezvoltarea capacității partenerilor RAF și creșterea vizibilității impactului programelor prin intermediul comunicării cu succes, într-o varietate de medii și către diverse categorii de public.  ;Increase the capacity of RAF program partners, improve the visibility of the impact achieved by successfully communicating through a wide variety of mediums to varied stakeholders. 
 Clusterul de Energii Sustenabile din Romania ROSENC ;;;26000,00;20000,00;Innovation Labs Timisoara;Innovation Labs Timisoara;2019-02-22;2021-03-31;;Consolidarea programului național de pre-accelerare Innovation Labs, agregând simultan o rețea de absolvenți susținători. Îmbunătățirea comunității Innovation Labs din Timișoara și crearea unui model durabil pentru initiative viitoare. ;Consolidating the national Innovation Labs pre-accelerator program while simultaneously building a supportive alumni network. Enhancing the Timișoara Innovation Labs community and creating a sustainable model for future renditions.  
 Fundatia Centrul de Resurse pentru participare publică ;;;7000,00;0,00;Gala Premiilor Participării Publice 2019-editia a 10-a;CERE - Public Participation Awards Gala - the 10th edition;2019-03-07;2019-07-10;;Sprijinirea celei de-a zecea ediții a evenimentului G3P, care premiază acțiuni ale cetățenilor, organizațiilor sau autorităților publice care reușesc să determine schimbarea sau adoptarea unei decizii publice, în beneficiul comunității pe care o reprezintă.;Supporting the G3P event that recognizes successful advocacy campaigns developed by citizens and NGOs, as well as best practices of public authorities in consulting the citizens in community matters.
 Federatia Fundatiile Comunitare din Romania ;;;50000,00;0,00;Sprijin la nivel național pentru Fondul Științescu – Anul 3;National Support and Synergy for the Stiintescu Fund - Year 3;2019-03-07;2020-03-31;;Facilitare în cadrul rețelei de fundații comunitare, cu scopul de a dezvolta Fondul Științescu, prin crearea unui mediu de învățare, cu un spațiu comun de împărtășire a resurselor, a bunelor practici și a lecțiilor învățate, care vor crește capacitatea fundațiilor comunitare de a fi mai utile și mai eficiente în derularea, documentarea și comunicarea procesului și rezultatelor Fondului Științescu către diferite categorii de stakeholders.;Facilitating and synergy growth among the community foundations network, for the development of the Științescu Fund, aiming to to create a learning environment, with a common space to share resources, good practices and lessons learned, that will increase community foundations’ capacity to be more efficient and effective in running, documenting and communicating the process and results of the Științescu Fund to various stakeholders.
 Asociatia Envision ;;;45000,00;40000,00;Galantom;Galantom ;2019-03-21;2021-03-31;;Accelerarea dezvoltării platformei de strângere de fonduri Galantom.;Accelerate the development of the Galantom fundraising platform.
 Asociatia ROPOT ;;;14995,00;0,00;Innoteque Conference II;Innoteque Conference;2019-03-25;2019-05-25;;Cea de-a doua ediție a conferinței Innoteque s-a concentrat asupra modului în care România poate dezvolta un ecosistem de inovare sustenabil, valorificând experiențele din mai multe ecosisteme avansate (SUA, Israel, Austria, Olanda, Franța) și împărtășind diferite abordări care stimulează inovația. ;The second edition of Innoteque conference focused on the ways in which Romania can develop a strong innovation ecosystem, leveraging the experiences from more advanced ecosystems (US, Israel, Austria, Netherlands, France,) and sharing approaches to foster innovation.
" Fundatia ""Noi Orizonturi"" Lupeni ";;;90000,00;105000,00;Educație pentru ecoturism: Green Impact II;Green IMPACT;2019-03-27;2021-03-31;;Creșterea sustenabilității programului Green Impact.;Improve the sustainability of Green Impact Program.
 Federatia Fundatiile Comunitare din Romania ;;;25000,00;25000,00;Consolidarea capacității FFCR- anul 1 si anul 2;FFCR Capacity Building - Year 1 & Year 2;2019-04-24;2021-03-31;;Programul își propune să consolideze capacitatea FFCR de a reprezenta și a susține toți membrii săi pentru schimbare socială.;Facilitating and synergy growth among the community foundations network, for the development of the Științescu Fund, aiming to to create a learning environment, with a common space to share resources, good practices and lessons learned, that will increase community foundations’ capacity to be more efficient and effective in running, documenting and communicating the process and results of the Științescu Fund to various stakeholders.
 Asociatia Techsoup Romania ;;;125000,00;125000,00;Predau Viitor (3);Accelerate Your Computer Science Teaching  - Y1;2019-04-25;2021-04-30;;TechSoup va implementa și adapta componentele identificate pentru a atinge nivelul de eficacitate, scalabilitate și durabilitate necerar obținerii unor rezultate relevante atât pentru profesori, cât și pentru elevi.;TechSoup will implement and adjust identified components to reach the desired level of effectiveness, scalability and sustainability to create relevant effects on both teachers and students.  
 Fundatia Comunitara din Odorheiu Secuiesc ;;;13830,00;0,00;Constituirea Fondului de Rezervă;Reserve Fund Challenge Program FC OS;2019-06-05;2022-09-30;;Constituirea Fondului de Rezervă;Reserve Fund Challenge
 Fundatia pentru Parteneriat ; X ;762000,00;425000,00;425000,00;Green Entrepreneurship (3) – Dezvoltarea destinațiilor ecoturistice în România;Green Entrepreneurship 3 - Development of Ecotourism Destinations, Consolidation Stage;2019-07-09;2021-07-31;;Consolidarea celor șapte destinații de ecoturism și dezvoltarea rețelei destinațiilor de ecoturism la nivel national. ;Consolidate the seven ecotourism destinations and the development of the country-wide network of ecotourism destinations. 
 Fundatia Comunitara Bacau ;;;5879,00;0,00;Constituirea Fondului de Rezervă;Reserve Fund Challenge Program FC BC;2019-08-27;2022-09-30;;Constituirea Fondului de Rezervă;Reserve Fund Challenge
 Fundatia Comunitara Bucuresti ;;;4000,00;40000,00;Consolidarea capacității Fundației Comunitare București II - anul 1;Capacity Building of Bucuresti Community Foundation - II - Year 1;2019-10-01;2021-06-16;;Programul își propune să consolideze capacitatea fundației comunitare de a acționa ca o organizație locală de încredere și sustenabilitate, care joacă un rol central de lider în mobilizarea resurselor locale pentru a răspunde nevoilor comunității locale.;Consolidate the community foundation’s capacity to play a central leadership role in local philanthropy by mobilizing local resources and empowering the local actors to address the community needs.  
 Fundatia Ashoka ;;;113626,00;0,00;Ashoka Romania: Building an Everyone a Changemaker in Romania;Ashoka Romania: Building an Everyone a Changemaker in Romania;2019-10-01;2020-05-31;;Continuarea transferului de cunoștințe tehnice de bază din rețeaua globală Ashoka pentru a identifica și sprijini antreprenori sociali locali de excepție și pentru a scala impactul social al acestora. ;Continue the transfer of core technical knowledge from Ashoka’s global network in order to identify and support exceptional local social entrepreneurs to scale their social impact. 
 Asociatia Code for Romania ;;;2230,00;0,00;Platformă de date de finanțatori;Funding data platform;2019-10-11;2020-02-28;;Dezvoltarea unei platforme dedicate finanțatorilor din toată România pentru a crește nivelul de transparență a cheltuielilor în sectorul non-profit și modul în care se corelează cu impactul, sustenabilitatea și schimbarea sistemică. ;Developing a platform dedicated to funders all across Romania in order to increase the transparency levels on spending in the non-profit sector and how it correlates with impact, sustainability and systemic change. 
 Universitatea din Bucuresti ;;;40000,00;0,00;Studiul internațional de educație civică și cetățenie 2022;International Civic and Citizenship Education Survey 2022;2019-11-25;2024-04-30;;Co-finanțează participarea României la Studiul Internațional de Educație Civică și Cetățenie 2022.;Co-fund the participation of Romania in the International Civic and Citizenship Education Survey 2022.  
 Fundatia Comunitara Timisoara ; X ;11385,00;4000,00;11385,00;Timisoara Fondul Stiintescu - Editia a-3-a;Timisoara Stiintescu Fund - Third Edition;2019-11-27;2021-03-25;;Sprijinirea creării unui mecanism de finanțare locală pentru a încuraja inițiativele educaționale la scară mică ce vor impulsiona atractivitatea științelor în rândul copiilor din comunitățile locale. ;Support the setup of a local funding mechanism to encourage small scale educational initiatives that will boost the attractiveness of sciences for children from local community. 
 Centrul pentru Jurnalism Independent ;;;117000,00;0,00;Teaching Media Literacy - Phase II;Teaching Media Literacy - Phase II;2019-12-12;2020-12-31;;Rafinarea unui model de intervenție durabil pentru construirea competențelor de alfabetizare media pentru elevii de liceu și pregătirea pentru scalare. ;Refine a sustainable intervention model for building media literacy competencies for high school students and prepare for its scale up. 
 Fundatia CIVITAS pentru Societatea Civila-Filiala Cluj-Napoca ;;;90000,00;0,00;CoopNet – învățăm și creștem împreună;CoopNet 2.0 – Learning and growing together;2019-12-18;2020-10-31;;Ajută micii fermieri ținând cont de punctul lor de vedere în elaborarea politicilor publice și asigurând oportunități de finanțare, oferind în același timp educația necesară pentru dezvoltarea capacității pentru viitoarea profesionalizare a cooperativelor. ;Assist small farmers by including their voice in policy development and securing relevant funding opportunities while providing necessary capacity development education for future cooperative professionalization.
 Asociatia pentru Educatie Antreprenoriala ;;;15000,00;0,00;Asociatia pentru Educatie Antreprenoriala -Dezvoltarea capacității;Asociatia pentru Educatie Antreprenoriala Capacity Building Grant;2019-12-20;2020-08-18;;Dezvoltarea strategiei organizației pentru următorii cinci ani.;Development of a 5-year coherent strategy.
 Universitatea din Bucuresti ;;;0,00;40000,00;Bursa Postdoctorală RAF în Educația Științelor;RAF Postdoctoral Fellowship in Science education;2020-01-27;2021-02-28;;Bursă postdoctorală de doi ani în educația științelor, cu focus pe educația și politicile STEM, pentru a consolida nucleul emergent de expertiză în cadrul Universității din  București.  ;A two-year postdoctoral fellowship in education, with a focus on STEM education and policy, to consolidate the University of Bucharest’s emerging nucleus of expertise. 
 Fundatia Comunitara Galati ;;;0,00;3000,00;Galati Fondul Stiintescu - Editia a-3-a;Galati Stiintescu Fund - Third Edition;2020-02-05;2020-07-23;;Sprijinirea creării unui mecanism de finanțare locală pentru a încuraja inițiativele educaționale la scară mică ce vor impulsiona atractivitatea științelor în rândul copiilor din comunitățile locale. ;Support the setup of a local funding mechanism to encourage small scale educational initiatives that will boost the attractiveness of sciences for children from local community.
 Asociatia Calemis ;;;0,00;24600,00;Innovation Labs 2020 - Iasi;Innovation Labs 2020 - Iasi;2020-04-06;2021-04-30;;Consolidarea programului național de pre-accelerare Innovation Labs, agregând simultan o rețea de absolvenți susținători. Îmbunătățirea comunității Innovation Labs din Iași și crearea unui model durabil pentru inițiative viitoare. ;Consolidating the national Innovation Labs pre-accelerator program while simultaneously building a supportive alumni network. Enhancing the Iași Innovation Labs community and creating a sustainable model for future renditions.  
 Fundația pentru Dezvoltarea Societății Civile ;;;0,00;50000,00;Organizational Support Covid-19;Organizational Support Covid-19;2020-04-28;2021-04-30;;Consolidarea FDSC pentru a putea răspunde nevoilor crescânde ale sectorului ONG ca urmare a efectelor pandemiei.;Strengthen FDSC to be able to respond to the increasing needs of the NGO sector as a result of the pandemic. 
 Asociația pentru Relații Comunitare ;;;0,00;45000,00;De la criză la reziliență;From Crisis to Resilience;2020-04-28;2020-12-31;;Consolidarea ARC pentru a continua sa contribuie la dezvoltarea filantropiei în România, canalizand resursele și generozitatea oamenilor pentru dezvoltarea comunităților.;Strengthen ARC to be able to continue advancing philanthropy in Romania, helping channel people’s resources and generosity to build stronger communities.  
 Fundatia Comunitara din Odorheiu Secuiesc ;;;0,00;25000,00;Consolidarea capacității Fundației Comunitare din Odorheiu Secuiesc II - anul 1;Capacity building of Odorheiu Secuiesc Community Foundation - II - Year 1;2020-05-07;2021-05-07;;Programul își propune să consolideze capacitatea fundației comunitare de a acționa ca o organizație locală de încredere și sustenabilitate, care joacă un rol central de lider în mobilizarea resurselor locale pentru a răspunde nevoilor comunității locale.;Consolidate the community foundation’ capacity to play a central leadership role in local philanthropy by mobilizing local resources and empowering the local actors to address the community needs.  
 Fundatia Comunitara Iasi ;;;0,00;25000,00;Consolidarea capacității Fundației Comunitare Iasi II - anul 1;Capacity building of Iasi Community Foundation - II - Year 1;2020-05-07;2021-05-10;;Programul își propune să consolideze capacitatea fundației comunitare de a acționa ca o organizație locală de încredere și sustenabilitate, care joacă un rol central de lider în mobilizarea resurselor locale pentru a răspunde nevoilor comunității locale.;Consolidate the community foundation’ capacity to play a central leadership role in local philanthropy by mobilizing local resources and empowering the local actors to address the community needs.  
 Universitatea din Bucuresti ;;;0,00;5604,12;Platformă de date de finanțatori;Platforma de donatori;2020-05-12;2022-05-14;;Dezvoltarea unei platforme dedicate finanțatorilor din toată România pentru a crește nivelul de transparență a cheltuielilor în sectorul non-profit și modul în care se corelează cu impactul, sustenabilitatea și schimbarea sistemică.  ;Developing a platform dedicated to funders all across Romania in order to increase the transparency levels on spending in the non-profit sector and how it correlates with impact, sustainability and systemic change. 
 Fundatia Comunitara Tara Fagarasului ;;;0,00;25000,00;Consolidarea capacității Fundației Comunitare Tara Fagarasului II - anul 1;Capacity building of Tara Fagarasului Community Foundation - II - Year 1;2020-05-27;2021-05-31;;Programul își propune să consolideze capacitatea fundației comunitare de a acționa ca o organizație locală de încredere și sustenabilitate, care joacă un rol central de lider în mobilizarea resurselor locale pentru a răspunde nevoilor comunității locale.;Consolidate the community foundation’ capacity to play a central leadership role in local philanthropy by mobilizing local resources and empowering the local actors to address the community needs.  
 Fundatia Comunitara Iasi ;;;0,00;14273,75;Constituirea Fondului de Rezervă;Reserve Fund Challenge Program FC IS;2020-05-27;2022-09-30;;Constituirea Fondului de Rezervă;Consolidate the community foundation’ capacity to play a central leadership role in local philanthropy by mobilizing local resources and empowering the local actors to address the community needs.  
 Fundatia Comunitara Bacau ; X ;3000,00;0,00;25000,00;Consolidarea capacității Fundației Comunitare Bacau II - anul 1;Capacity building of Bacau Community Foundation - II - Year 1;2020-05-29;2021-05-31;;Programul își propune să consolideze capacitatea fundației comunitare de a acționa ca o organizație locală de încredere și sustenabilitate, care joacă un rol central de lider în mobilizarea resurselor locale pentru a răspunde nevoilor comunității locale.;Consolidate the community foundation’ capacity to play a central leadership role in local philanthropy by mobilizing local resources and empowering the local actors to address the community needs.  
 Fundația Friends for Friends ;;;0,00;17500,00;Licee agricole – Campanie de comunicare;Agricultural High Schools - Communication Campaign;2020-06-02;2020-12-31;;Îmbunătățirea comunicării programului Licee agricole pentru a crește numărul de elevi care aleg învățământul în liceele agricole și pentru a îmbunătăți reputația educației agricole ca o cale de a deveni fermier. ;Improve the communication of the Agricultural School Program to increase the number of students choosing agricultural high schools and to improve the reputation of agricultural education as a route to become farmer  
 Fundatia Comunitara Cluj ;;;0,00;25000,00;Consolidarea capacității Fundației Comunitare Cluj II - anul 1;Capacity building of Cluj Community Foundation - II - Year 1;2020-06-16;2021-06-15;;Programul își propune să consolideze capacitatea fundației comunitare de a acționa ca o organizație locală de încredere și sustenabilitate, care joacă un rol central de lider în mobilizarea resurselor locale pentru a răspunde nevoilor comunității locale.;Consolidate the community foundation’ capacity to play a central leadership role in local philanthropy by mobilizing local resources and empowering the local actors to address the community needs.  
 Fundatia Comunitara Oradea ;;;0,00;25000,00;Consolidarea capacității Fundației Comunitare Oradea II - anul 1;Capacity building of Oradea Community Foundation - II - Year 1;2020-06-22;2021-06-30;;Programul își propune să consolideze capacitatea fundației comunitare de a acționa ca o organizație locală de încredere și sustenabilitate, care joacă un rol central de lider în mobilizarea resurselor locale pentru a răspunde nevoilor comunității locale.;Consolidate the community foundation’ capacity to play a central leadership role in local philanthropy by mobilizing local resources and empowering the local actors to address the community needs.  
 Fundatia Ashoka ;;;0,00;130000,00;Ashoka – Consolidarea schimbării în România;Consolidating a Changemaking Romania;2020-06-22;2021-06-30;;Susținerea în continuare a Fundației Ashoka România pentru a-și consolida poziția de furnizor de expertiză, catalizator de ecosistem și susținător al agenților de schimbare în România.;Further support Fundația Ashoka to consolidate its position as convener of expertise, ecosystem builder and supporter of changemakers in Romania 
 Fundația Friends for Friends ;;;0,00;168000,00;Policlinica de Marketing și Comunicare IV – Dezvoltarea capacității partenerilor RAF;Marketing & Communication Polyclinic - Year 1;2020-06-25;2021-02-28;;Dezvoltarea capacității unora dintre beneficiarii RAF de a traversa mai bine criza actuală și de a maximiza creșterea afacerilor într-o manieră durabilă pentru Food Hub-uri.;Develop the capacity of some of RAF’s grantees to better navigate the current crisis and, in the case of Food Hubs, to maximize the growth of business in a sustainable manner.
 Asociația pentru Relații Comunitare ;;;0,00;75000,00;Sprijin pentru fundațiile comunitare;Support for Community Foundations;2020-06-30;2021-06-30;;Sprijin acordat fundațiilor comunitare pentru a continua să acționeze ca liderI în mobilizarea resurselor locale pentru a răspunde nevoilor comunității. ;Support the community foundations to play a central leadership role in local philanthropy by mobilizing local resources and empowering the local actors to address the community needs.  
 Fundatia Comunitara Mures ;;;0,00;25000,00;Consolidarea capacității Fundației Comunitare Mures II - anul 1;Capacity building of Mures Community Foundation - II - Year 1;2020-07-01;2021-06-30;;Programul își propune să consolideze capacitatea fundației comunitare de a acționa ca o organizație locală de încredere și sustenabilitate, care joacă un rol central de lider în mobilizarea resurselor locale pentru a răspunde nevoilor comunității locale.;Consolidate the community foundation’ capacity to play a central leadership role in local philanthropy by mobilizing local resources and empowering the local actors to address the community needs.  
 Fundatia Comunitara Sibiu ;;;0,00;35000,00;Consolidarea capacității Fundației Comunitare Sibiu II - anul 1;Capacity building of Sibiu Community Foundation - II - Year 1;2020-07-01;2021-06-30;;Programul își propune să consolideze capacitatea fundației comunitare de a acționa ca o organizație locală de încredere și sustenabilitate, care joacă un rol central de lider în mobilizarea resurselor locale pentru a răspunde nevoilor comunității locale.;Consolidate the community foundation’ capacity to play a central leadership role in local philanthropy by mobilizing local resources and empowering the local actors to address the community needs.  
 Centrul de Resurse în Comunicare ;;;0,00;15000,00;Școala pe Net – Khan Academy;Online School (Școala pe Net) – Khan Academy;2020-07-02;2020-12-01;;Testarea capacității de utilizare a unei selecții de conținut educațional online bine curatoriat (Khan Academy) pentru matematică și elaborarea unui studiu de caz pentru o intervenție mai mare, cu o teorie a schimbării mai complexă, care să includă instruirea profesorilor și un volum semnificativ mai mare de conținut educațional. ;Test the usability of a well curated selection of online educational contents for Mathematics from Khan Academy, and to build a case study for a larger intervention, with a more complex theory of change, including teacher training, and a significantly larger volume of educational contents.  
 Asociația Teach for Romania ;;;0,00;150000,00;Teach for Romania-Etapa de maturitate și digitalizare;Maturity Stage and Digitalization;2020-07-02;2021-07-01;;Ajutor acordat organizației pentru a își continua creșterea și extinderea în zone noi, în ciuda viitoarei crize economice, oferind sprijin pentru programul de bază și pentru restructurarea organizațională.;Help the organization continue its growth and expansion in new territories, despite the forthcoming economic crisis, by providing support for the core program and for organizational restructuring.  
 Federatia Fundatiile Comunitare din Romania ;;;0,00;55000,00;Sprijin la nivel național pentru dezvoltarea fundațiilor comunitare 2020-2022 - anul 1;National Support Program for Community Foundations 2020-2022 - Year 1;2020-07-29;2021-07-28;;Sprijinirea în continuare a fundațiilor comunitare prin consolidarea capacității pentru a putea acționa mai departe ca lideri în mobilizarea resurselor locale pentru a răspunde nevoilor comunității. ;Further strengthen and consolidate the community foundations’ capacity to play a central leadership role in local philanthropy by mobilizing local resources and empowering the local actors to address the community needs.  
 Centrul de Evaluare și Analize Educaționale ;;;0,00;118384,00;Fizica Altfel- Consolidarea utilizarii IBL in predarea fizicii;Science Education Reform (Fizica Altfel) - Consolidarea utilizarii IBL in predarea fizicii;2020-07-30;2021-08-04;;Programul își propune să îmbunătățească alfabetizarea științifică a elevilor români, prin schimbarea modului în care sunt predate fizica și științele exacte în școli, trecând de la o predare formală și abstractă la abordări mai atrăgătoare pentru elevi.  ;The program aims to improve scientific literacy of Romanian students, by changing the way Physics and other sciences are taught in schools, moving from a formal and abstract teaching to more engaging approaches.
